<application>
  <component name="ProjectJdkTable">
    <jdk version="2">
      <name value="Python 3.6 (first_local_project)" />
      <type value="Python SDK" />
      <version value="Python 3.6.7" />
      <homePath value="C:\Users\student\TIL\07_django\first_local_project\venv\Scripts\python.exe" />
      <roots>
        <classPath>
          <root type="composite">
            <root url="file://C:/Python36/DLLs" type="simple" />
            <root url="file://C:/Python36/Lib" type="simple" />
            <root url="file://C:/Python36" type="simple" />
            <root url="file://$USER_HOME$/TIL/07_django/first_local_project/venv" type="simple" />
            <root url="file://$USER_HOME$/TIL/07_django/first_local_project/venv/Lib/site-packages" type="simple" />
            <root url="file://$USER_HOME$/AppData/Roaming/Python/Python36/site-packages" type="simple" />
            <root url="file://C:/Python36/Lib/site-packages" type="simple" />
            <root url="file://$USER_HOME$/.PyCharm2018.3/system/python_stubs/-1131924545" type="simple" />
            <root url="file://$APPLICATION_HOME_DIR$/helpers/python-skeletons" type="simple" />
            <root url="file://$APPLICATION_HOME_DIR$/helpers/typeshed/stdlib/3" type="simple" />
            <root url="file://$APPLICATION_HOME_DIR$/helpers/typeshed/stdlib/2and3" type="simple" />
            <root url="file://$APPLICATION_HOME_DIR$/helpers/typeshed/third_party/3" type="simple" />
            <root url="file://$APPLICATION_HOME_DIR$/helpers/typeshed/third_party/2and3" type="simple" />
          </root>
        </classPath>
        <sourcePath>
          <root type="composite" />
        </sourcePath>
      </roots>
      <additional ASSOCIATED_PROJECT_PATH="$USER_HOME$/TIL/07_django/first_local_project" />
    </jdk>
    <jdk version="2">
      <name value="Python 3.6 (prj)" />
      <type value="Python SDK" />
      <version value="Python 3.6.7" />
      <homePath value="C:\Users\student\LEE-WON-JIN\Projects\04_crud\prj\venv\Scripts\python.exe" />
      <roots>
        <classPath>
          <root type="composite">
            <root url="file://C:/Python36/DLLs" type="simple" />
            <root url="file://C:/Python36/Lib" type="simple" />
            <root url="file://C:/Python36" type="simple" />
            <root url="file://$USER_HOME$/LEE-WON-JIN/Projects/04_crud/prj/venv" type="simple" />
            <root url="file://$USER_HOME$/LEE-WON-JIN/Projects/04_crud/prj/venv/Lib/site-packages" type="simple" />
            <root url="jar://$USER_HOME$/LEE-WON-JIN/Projects/04_crud/prj/venv/Lib/site-packages/setuptools-39.1.0-py3.6.egg!/" type="simple" />
            <root url="file://$USER_HOME$/.PyCharm2018.3/system/python_stubs/-919047624" type="simple" />
            <root url="file://$APPLICATION_HOME_DIR$/helpers/python-skeletons" type="simple" />
            <root url="file://$APPLICATION_HOME_DIR$/helpers/typeshed/stdlib/3" type="simple" />
            <root url="file://$APPLICATION_HOME_DIR$/helpers/typeshed/stdlib/2and3" type="simple" />
            <root url="file://$APPLICATION_HOME_DIR$/helpers/typeshed/third_party/3" type="simple" />
            <root url="file://$APPLICATION_HOME_DIR$/helpers/typeshed/third_party/2and3" type="simple" />
          </root>
        </classPath>
        <sourcePath>
          <root type="composite" />
        </sourcePath>
      </roots>
      <additional ASSOCIATED_PROJECT_PATH="$USER_HOME$/LEE-WON-JIN/Projects/04_crud/prj" />
    </jdk>
    <jdk version="2">
      <name value="Python 3.6 (base_prj)" />
      <type value="Python SDK" />
      <version value="Python 3.6.7" />
      <homePath value="C:\Users\student\TIL\07_django\base_prj\venv\Scripts\python.exe" />
      <roots>
        <classPath>
          <root type="composite">
            <root url="file://C:/Python36/DLLs" type="simple" />
            <root url="file://C:/Python36/Lib" type="simple" />
            <root url="file://C:/Python36" type="simple" />
            <root url="file://$USER_HOME$/TIL/07_django/base_prj/venv" type="simple" />
            <root url="file://$USER_HOME$/TIL/07_django/base_prj/venv/Lib/site-packages" type="simple" />
            <root url="jar://$USER_HOME$/TIL/07_django/base_prj/venv/Lib/site-packages/setuptools-39.1.0-py3.6.egg!/" type="simple" />
            <root url="file://$USER_HOME$/TIL/07_django/base_prj/venv/Lib/site-packages/pip-10.0.1-py3.6.egg" type="simple" />
            <root url="file://$USER_HOME$/.PyCharm2018.3/system/python_stubs/-609548623" type="simple" />
            <root url="file://$APPLICATION_HOME_DIR$/helpers/python-skeletons" type="simple" />
            <root url="file://$APPLICATION_HOME_DIR$/helpers/typeshed/stdlib/3" type="simple" />
            <root url="file://$APPLICATION_HOME_DIR$/helpers/typeshed/stdlib/2and3" type="simple" />
            <root url="file://$APPLICATION_HOME_DIR$/helpers/typeshed/third_party/3" type="simple" />
            <root url="file://$APPLICATION_HOME_DIR$/helpers/typeshed/third_party/2and3" type="simple" />
          </root>
        </classPath>
        <sourcePath>
          <root type="composite" />
        </sourcePath>
      </roots>
      <additional ASSOCIATED_PROJECT_PATH="$USER_HOME$/TIL/07_django/base_prj" />
    </jdk>
  </component>
</application>